category,title,selftext,url,score,num_comments,created_utc,author,subreddit,post_id
Confocal Microscopes,What's the difference between confocal and widefield microscopy?,I'm setting up a new imaging core facility and trying to decide between investing in a confocal system vs widefield with deconvolution. What are the main advantages of confocal for cell biology applications?,https://reddit.com/r/microscopy/comments/sample1,45,23,2025-11-15T14:23:00,lab_manager_23,microscopy,sample1
Confocal Microscopes,Best confocal microscope for live cell imaging under $200k?,"Our lab focuses on neuroscience and we need a confocal system that can handle fast live-cell imaging of calcium dynamics. Budget is around $200k. Looking at Leica SP8, Zeiss LSM 900, and Nikon A1R. Any recommendations?",https://reddit.com/r/labrats/comments/sample2,38,31,2025-10-22T09:15:00,postdoc_imaging,labrats,sample2
Inverted Microscopes,Recommendations for inverted microscope for tissue culture?,"We're a small biotech startup and need a reliable inverted microscope for checking cell cultures daily. Don't need fancy imaging, just phase contrast. What's a good entry-level option?",https://reddit.com/r/labrats/comments/sample3,29,18,2025-10-18T11:30:00,biotech_startup,labrats,sample3
Inverted Microscopes,Olympus IX83 vs Nikon Eclipse Ti2 - which should I choose?,Our core facility is upgrading our inverted microscope and it's down to these two models. Both seem comparable on paper. Anyone have experience with either for fluorescence imaging of live cells?,https://reddit.com/r/microscopy/comments/sample4,42,27,2025-10-05T16:45:00,core_facility_director,microscopy,sample4
Digital Microscopes,Digital microscope recommendations for quality control?,Working in pharma QC and need a digital microscope for inspecting samples and documenting defects. Need good depth of field and easy image capture. Budget around $5-10k.,https://reddit.com/r/biotech/comments/sample5,22,14,2025-09-28T10:20:00,qc_specialist,biotech,sample5
Stereo Microscopes,Best stereo microscope for dissection work?,PhD student here doing a lot of mouse brain dissections. Current scope is ancient and hard to see fine details. What's a good modern stereo microscope with excellent optics? University can probably budget up to $15k.,https://reddit.com/r/neuroscience/comments/sample6,35,19,2025-09-15T13:10:00,neuro_phd_student,neuroscience,sample6
Stereo Microscopes,Stereo microscope with good working distance for electrophysiology?,Need a stereo scope for patch clamp rig. Need at least 100mm working distance to fit electrodes. Also needs to be stable with minimal vibration. Suggestions?,https://reddit.com/r/neuroscience/comments/sample7,28,12,2025-09-03T08:55:00,electrophysiologist,neuroscience,sample7
Microscope Cameras,What camera should I get for my fluorescence microscope?,"Have an older Olympus BX51 and want to add a camera for fluorescence imaging. Looking at scientific CMOS vs cooled CCD. Budget is $10-15k. Mainly imaging immunofluorescence samples.",https://reddit.com/r/microscopy/comments/sample8,41,25,2025-08-20T15:30:00,imaging_tech,microscopy,sample8
Microscope Cameras,sCMOS vs EMCCD for live cell imaging - help me decide?,Setting up a new live cell imaging system and torn between sCMOS and EMCCD cameras. Will be doing fast calcium imaging and tracking single molecules. What are the trade-offs?,https://reddit.com/r/cellbiology/comments/sample9,52,34,2025-08-12T12:00:00,cell_biologist,cellbiology,sample9
Digital Pathology Systems,Whole slide imaging system recommendations for pathology lab?,"Our pathology department is going digital. Looking at whole slide scanners from Aperio, Hamamatsu, and 3DHistech. Anyone have experience with these for routine diagnostic work?",https://reddit.com/r/pathology/comments/sample10,37,21,2025-07-30T09:40:00,pathologist_md,pathology,sample10
Upright Microscopes,Upright microscope for neuroscience slice imaging?,Need an upright microscope with good DIC and fluorescence for imaging brain slices. Fixed stage, needs long working distance objectives. Zeiss Examiner vs Olympus BX61WI?,https://reddit.com/r/neuroscience/comments/sample11,33,16,2025-07-18T14:25:00,slice_physiologist,neuroscience,sample11
Confocal Microscopes,How much does confocal maintenance typically cost?,"Writing a grant and need to budget for a confocal system. Besides purchase price, what should I expect for annual service contracts and maintenance? Heard it can be quite expensive.",https://reddit.com/r/labrats/comments/sample12,47,29,2025-07-05T11:15:00,grant_writer_pi,labrats,sample12
Inverted Microscopes,Why are inverted microscopes so much more expensive than upright?,"Shopping for a new microscope and noticed inverted models are often 2-3x the price of comparable upright scopes. What makes them so expensive? Is it just the design or are there technical reasons?",https://reddit.com/r/microscopy/comments/sample13,31,22,2025-06-22T10:50:00,curious_researcher,microscopy,sample13
Confocal Microscopes,Spinning disk vs point scanning confocal for live imaging?,"Can someone explain the pros and cons? I know spinning disk is faster but does it compromise image quality? Mainly interested in live cell imaging of organelles.",https://reddit.com/r/cellbiology/comments/sample14,56,38,2025-06-10T16:20:00,live_cell_enthusiast,cellbiology,sample14
Microscope Cameras,Is a color camera worth it for brightfield microscopy?,"Upgrading our teaching lab microscopes and debating between monochrome + filter wheel vs color cameras. Color is more intuitive for students but is the image quality worse?",https://reddit.com/r/microscopy/comments/sample15,24,15,2025-05-28T13:45:00,teaching_prof,microscopy,sample15
